quantile,BMI
0.0,20.703125
0.2,29.423667
0.4,30.483379
0.6,32.199812
0.8,33.871911
1.0,46.875
