BMI group,Group index,Sample size,Censoring rate,Recommended GA t*,t* 95% CI lower,t* 95% CI upper,F(t*),Window of t*,F at 12w,F at 13w,F at 28w,Early alt t (90%)
"Supervised Q1: [20.70, 46.88]",1,267,0.02621722846441943,20.86,18.03575,23.57,0.9522719398109192,Mid (13-27w),0.21754194921546322,0.5636291639855469,1.0,
