accuracy,precision,recall,f1,roc_auc,average_precision,sampler,model
0.8831168831168831,0.5,0.1111111111111111,0.18181818181818182,0.6821895424836601,0.2754877462194535,original,GBM
0.8311688311688312,0.25,0.2222222222222222,0.23529411764705882,0.7058823529411764,0.24172506609481403,oversampled,GBM
0.5714285714285714,0.16666666666666666,0.6666666666666666,0.26666666666666666,0.701797385620915,0.281075140383651,undersampled,GBM
0.8051948051948052,0.25,0.3333333333333333,0.2857142857142857,0.7990196078431372,0.26953555703555704,smote,GBM
