auroc,auprc,pos_rate,accuracy@0.5,brier,0_precision,0_recall,0_f1-score,0_support,1_precision,1_recall,1_f1-score,1_support,macro avg_precision,macro avg_recall,macro avg_f1-score,macro avg_support,weighted avg_precision,weighted avg_recall,weighted avg_f1-score,weighted avg_support,best_pipeline
0.8333333333333333,0.3731807227133983,0.10743801652892562,0.743801652892562,0.1932208670899863,0.9753086419753086,0.7314814814814815,0.8359788359788359,108.0,0.275,0.8461538461538461,0.41509433962264153,13.0,0.6251543209876543,0.7888176638176638,0.6255365878007387,121.0,0.900068870523416,0.743801652892562,0.7907598405025505,121.0,none|logreg_l1
