mean_pred,frac_pos
0.14537884309367666,0.0
0.25578387585456636,0.0
0.34692844216153523,0.0
0.45067260889357047,0.06666666666666667
0.5348246095880461,0.25
0.6416543890077101,0.2857142857142857
0.767984208842263,0.25
0.8474316616203215,0.5
