model,auc,accuracy,cv_auc_mean,cv_auc_std
logistic_l1,0.8862433862433863,0.819672131147541,0.5,0.0
random_forest,0.7804232804232805,0.8524590163934426,0.7407407407407408,0.12491423669659303
calibrated_lr,0.8558201058201058,0.7704918032786885,0.7438271604938271,0.2510077235968822
