BMI group,Group index,Sample size,Censoring rate,Recommended GA t*,t* 95% CI lower,t* 95% CI upper,F(t*),Window of t*,F at 12w,F at 13w,F at 28w,Early alt t (90%)
CN 20–28,1,5,0.0,16.29,12.43,16.29,1.0,Mid (13-27w),0.0,0.8,1.0,
CN 28–32,2,147,0.013605442176870763,20.29,16.43,22.553499999999982,0.9519874065328611,Mid (13-27w),0.2523753302974082,0.6296171361106424,1.0,
CN 32–36,3,95,0.04210526315789476,20.86,16.9785,23.43,0.9532163742690059,Mid (13-27w),0.19999999999999996,0.5157894736842105,0.9649122807017544,
CN 36–40,4,16,0.0,26.43,20.57,26.43,1.0,Mid (13-27w),0.06249999999999989,0.2499999999999999,1.0,
CN >=40,5,4,0.25,22.0,19.57,22.0,1.0,Mid (13-27w),0.2499999999999999,0.2499999999999999,1.0,
