group_id,bmi_range,optimal_week,attainment_rate,effective_attainment_rate,expected_risk,avg_age,avg_height,avg_weight,avg_bmi,n_patients
1,"[26.6, 29.8)",10.0,0.7744112225807824,0.7511788859033589,12.241784656228381,28.756906077348066,161.32596685082873,75.45696132596684,28.957995575745855,71
2,"[29.8, 30.9)",10.0,0.7605049090200418,0.7376897617494405,13.3865287478155,28.983425414364643,160.53591160220995,78.42596685082874,30.400345201767955,88
3,"[30.9, 32.4)",10.0,0.7496619495860932,0.7271720910985104,14.279102735387104,28.679558011049725,160.09944751381215,81.26486187845303,31.67051024033149,88
4,"[32.4, 34.0)",10.0,0.7594133994802511,0.7366309974958436,13.476379957564848,28.85635359116022,161.3342541436464,86.42762430939227,33.16925811182321,78
5,"[34.0, 37.6]",10.0,0.6837654599204963,0.6632524961228814,19.703589740626615,29.168478260869566,161.32608695652175,91.99478260869566,35.29348021701087,70
