feature,importance
M_mapped,0.13263355131566043
weight_zscore,0.08922778389134356
L_reads,0.08754965303816588
E_weight,0.08396322745318974
J_week,0.07538472739392156
P_GC,0.06946120028799596
BMI_age,0.0693808775726716
height_weight_ratio,0.06766932803296226
BMI_week,0.06287481648838412
height_zscore,0.058115933864376454
K_BMI,0.05704078451430493
AA_filtered,0.05552026255332594
D_height,0.05082062431498522
C_age,0.04035722927871239
