feature,importance
weight_zscore,0.11030777731353315
E_weight,0.09887211370531854
M_mapped,0.08971446204743463
L_reads,0.08640757318473159
height_weight_ratio,0.08199499289927169
K_BMI,0.0761299570906752
J_week,0.07186918749737506
BMI_week,0.06763341991214249
BMI_age,0.060202755278417217
AA_filtered,0.05613484833853684
P_GC,0.05448438620255828
D_height,0.05334196229696318
height_zscore,0.052236662198095606
C_age,0.040669902034946304
