scenario,min_attain_rate,measurement_error,n_groups,avg_optimal_week,avg_attainment_rate,total_risk
宽松约束,0.85,0.03,4,24.60526315789474,0.9999903810085324,0.15455898107175434
标准约束,0.9,0.05,4,24.60526315789474,0.9999903810085324,0.2625588866170304
严格约束,0.95,0.08,4,24.60526315789474,0.9999903810085324,0.4320586563836402
