group_id,bmi_min,bmi_max,bmi_range,optimal_week,expected_risk,attainment_rate,effective_attainment_rate,two_stage_R_t0,two_stage_R_t1,two_stage_R_F0,two_stage_R_F1,two_stage_R_retest_rate,two_stage_R_value,avg_age,avg_height,avg_weight,avg_bmi,n_patients
1,26.61934339,29.76086272,"[26.6, 29.8)",10.0,12.241784656228381,0.7744112225807824,0.7511788859033589,10.0,24.0,0.7744112225807824,0.8340311448267407,0.22558877741921757,7.545412407539845,28.756906077348066,161.32596685082873,75.45696132596684,28.957995575745855,71
2,29.76190476,30.89090118,"[29.8, 30.9)",10.0,13.3865287478155,0.7605049090200418,0.7376897617494405,10.0,24.0,0.7605049090200418,0.8644102915062585,0.23949509097995825,5.257778844968771,28.983425414364643,160.53591160220995,78.42596685082874,30.400345201767955,88
3,30.92453133,32.40575796,"[30.9, 32.4)",10.0,14.279102735387104,0.7496619495860932,0.7271720910985104,10.0,23.5,0.7496619495860932,0.8466463066526008,0.2503380504139068,6.686533876410197,28.679558011049725,160.09944751381215,81.26486187845303,31.67051024033149,88
4,32.40615717,33.95114712,"[32.4, 34.0)",10.0,13.476379957564848,0.7594133994802511,0.7366309974958436,10.0,14.5,0.7594133994802511,0.8452732880320936,0.2405866005197489,6.746135860007547,28.85635359116022,161.3342541436464,86.42762430939227,33.16925811182321,78
5,33.9760383,37.63784862,"[34.0, 37.6]",10.0,19.703589740626615,0.6837654599204963,0.6632524961228814,10.0,24.0,0.6837654599204963,0.7968320609096287,0.3162345400795037,10.8634410718854,29.168478260869566,161.32608695652175,91.99478260869566,35.29348021701087,70
