group_id,bmi_min,bmi_max,bmi_range,optimal_week,expected_risk,attainment_rate,effective_attainment_rate,avg_age,avg_height,avg_weight,avg_bmi,n_patients
1,31.96734694,46.875,"[32.0, 46.9]",25.0,0.26249999999999907,1.0000000000000002,0.9500000000000002,28.78238341968912,165.30569948186528,99.32253886010362,36.37916736031088,193
2,20.703125,38.22222222,"[20.7, 38.2]",25.0,0.26269189887978084,0.9999615240341292,0.9499634478324227,28.009584664536742,155.99520766773162,74.76067092651758,30.73926628642173,313
3,28.06493149,35.5998576,"[28.1, 35.6]",24.210526315789473,0.26250000000000023,1.0,0.95,26.28205128205128,163.83882783882783,83.65278388278388,31.183162933260075,273
4,27.91551883,36.36712415,"[27.9, 36.4]",24.210526315789473,0.26249999999999907,1.0000000000000002,0.9500000000000002,33.06224066390042,161.06639004149378,83.55991701244812,32.237758646016594,241
